purchase_id,date,total_price,store_id,account_number,online
1,7/20/2017,295,385,213-59-0327,false
2,9/4/2017,881,105,763-89-4757,false
3,6/29/2017,333,551,256-08-0510,true
4,12/26/2017,364,360,786-47-0636,false
5,8/1/2017,992,962,687-98-8378,true
6,8/29/2017,243,69,677-36-2268,true
7,10/7/2017,465,439,486-27-1413,false
8,4/22/2018,982,58,358-51-4797,false
9,9/30/2017,636,88,137-95-7090,false
10,3/11/2018,238,529,842-81-3086,true
11,4/27/2018,758,71,708-71-6385,true
12,6/30/2017,624,341,534-35-4132,false
13,6/4/2018,172,506,648-29-1790,true
14,11/28/2017,446,481,719-52-1931,false
15,2/10/2018,941,536,495-39-1006,true
16,9/1/2017,299,587,530-27-4396,false
17,12/2/2017,583,995,437-46-7579,true
18,10/31/2017,295,554,593-73-7230,false
19,11/19/2017,489,512,686-50-5956,false
20,10/22/2017,62,747,483-04-4624,false
21,2/19/2018,220,976,526-47-2955,true
22,4/24/2018,423,242,491-23-0784,true
23,12/20/2017,87,39,120-38-1085,true
24,6/10/2018,945,128,107-12-8221,false
25,6/4/2018,156,204,810-59-8576,false
26,4/26/2018,765,414,237-90-7002,true
27,3/3/2018,772,66,156-70-4573,false
28,10/20/2017,991,903,697-67-7597,false
29,6/23/2018,533,790,748-54-1207,false
30,6/5/2018,649,906,539-31-9046,true
31,7/11/2017,847,827,859-46-9581,true
32,4/7/2018,204,35,563-92-9487,true
33,5/14/2018,311,797,718-80-1305,false
34,8/13/2017,90,89,786-59-8251,true
35,3/13/2018,229,243,317-47-3922,false
36,8/20/2017,570,921,275-87-3496,true
37,12/20/2017,763,925,373-30-9667,false
38,1/23/2018,603,566,497-39-7491,false
39,9/4/2017,840,281,483-52-2449,false
40,12/28/2017,90,919,320-94-9717,true
41,11/10/2017,35,991,847-69-5504,true
42,6/25/2017,400,919,496-93-3634,false
43,4/2/2018,746,940,839-72-2805,true
44,12/9/2017,238,927,425-31-9375,true
45,12/13/2017,206,684,227-74-5816,false
46,10/27/2017,996,759,755-77-6721,false
47,7/1/2017,386,564,480-26-0520,false
48,5/6/2018,13,44,258-75-0056,true
49,11/10/2017,675,650,292-18-6796,true
50,3/22/2018,570,3,186-11-2184,false
51,3/19/2018,887,374,239-17-1198,true
52,9/13/2017,455,481,856-45-9283,true
53,11/12/2017,226,725,897-53-4603,false
54,2/15/2018,938,659,759-74-3966,false
55,7/31/2017,603,65,632-59-5423,false
56,9/12/2017,388,398,794-04-5606,true
57,4/10/2018,673,827,894-31-7882,true
58,11/7/2017,687,768,624-68-2096,false
59,4/23/2018,773,870,350-88-2447,false
60,12/2/2017,426,759,412-17-8091,false
61,10/31/2017,943,465,725-80-0223,false
62,9/25/2017,340,432,703-67-4120,false
63,10/14/2017,424,975,473-77-1221,false
64,10/24/2017,496,810,454-66-3834,false
65,9/10/2017,46,608,679-06-4356,false
66,12/29/2017,182,151,412-65-5337,true
67,10/21/2017,441,447,179-23-3555,true
68,5/30/2018,165,1000,411-47-1980,true
69,7/27/2017,536,624,498-26-5971,true
70,4/6/2018,653,148,332-57-3048,false
71,6/17/2018,586,832,828-85-0475,false
72,11/30/2017,907,118,242-87-6784,false
73,10/3/2017,328,387,466-54-4549,false
74,12/21/2017,327,330,886-24-2993,false
75,6/3/2018,876,964,357-50-6315,true
76,4/22/2018,3,258,306-64-7043,false
77,10/6/2017,320,778,658-53-2389,true
78,3/25/2018,279,146,433-70-7985,false
79,8/5/2017,728,274,799-67-4243,true
80,9/2/2017,313,908,202-86-1943,true
81,12/20/2017,139,98,261-99-2547,false
82,6/8/2018,491,468,390-56-6952,false
83,12/10/2017,806,508,552-09-0491,false
84,12/22/2017,52,844,437-55-9425,true
85,1/9/2018,938,221,452-79-0147,false
86,1/23/2018,621,66,268-57-4332,false
87,6/26/2017,725,471,277-94-6789,false
88,4/24/2018,250,859,472-36-8545,true
89,7/30/2017,122,5,324-87-0418,true
90,8/25/2017,761,286,691-44-3749,false
91,10/9/2017,457,871,724-37-5187,false
92,2/5/2018,883,496,642-99-1304,false
93,3/19/2018,147,312,433-79-6982,true
94,9/7/2017,978,182,465-40-8942,false
95,6/11/2018,60,560,175-62-5592,false
96,2/2/2018,181,911,285-68-2213,false
97,5/4/2018,333,146,726-69-6506,true
98,11/10/2017,895,607,811-43-6882,false
99,11/5/2017,943,501,319-23-5370,false
100,4/4/2018,320,981,109-90-6874,false
101,12/26/2017,563,327,476-01-8134,true
102,8/30/2017,560,799,644-98-0314,true
103,6/24/2017,664,664,802-62-6961,true
104,8/19/2017,326,101,138-43-0189,false
105,4/3/2018,805,276,252-86-3238,false
106,6/11/2018,419,23,332-45-6565,false
107,9/9/2017,940,353,582-42-1733,false
108,10/28/2017,969,685,759-49-5734,false
109,8/13/2017,477,282,356-17-6281,false
110,9/11/2017,414,2,764-14-8443,false
111,10/1/2017,191,346,402-22-6130,true
112,1/5/2018,314,218,415-23-4427,true
113,12/8/2017,533,217,221-86-5063,false
114,10/29/2017,783,383,360-59-1578,true
115,11/22/2017,782,76,528-22-6000,true
116,7/11/2017,517,767,386-15-3519,true
117,8/23/2017,995,426,282-29-4575,true
118,5/11/2018,207,354,445-53-7769,false
119,6/27/2017,272,776,353-17-9691,true
120,5/22/2018,893,632,256-71-9339,false
121,2/26/2018,6,345,563-47-5647,true
122,5/7/2018,5,310,332-21-4240,false
123,5/17/2018,566,880,683-59-6061,true
124,11/29/2017,159,371,452-49-7209,true
125,8/23/2017,881,729,282-36-5470,false
126,1/24/2018,482,255,652-45-1536,false
127,9/27/2017,579,385,182-74-8769,true
128,10/11/2017,963,339,315-81-1996,true
129,5/15/2018,809,618,628-14-0200,false
130,4/26/2018,152,671,600-32-6591,true
131,11/24/2017,36,175,832-41-4582,true
132,6/23/2018,727,634,775-31-2321,false
133,8/30/2017,241,247,575-55-6235,true
134,6/9/2018,931,610,728-03-1994,false
135,5/13/2018,698,797,309-64-5997,true
136,5/19/2018,556,262,704-25-5213,true
137,4/22/2018,686,281,614-21-5990,false
138,12/1/2017,722,311,690-05-0545,false
139,3/20/2018,653,98,148-98-0415,true
140,3/25/2018,941,407,639-83-3796,false
141,7/11/2017,747,762,103-12-7922,true
142,3/11/2018,448,778,308-10-9129,false
143,11/25/2017,113,508,373-72-8538,false
144,11/16/2017,372,382,706-75-6761,true
145,5/7/2018,803,799,331-95-4625,false
146,6/30/2017,569,56,880-32-9598,true
147,4/17/2018,95,617,245-50-9143,true
148,2/8/2018,212,990,570-67-5143,false
149,1/15/2018,847,650,283-16-6761,false
150,2/6/2018,790,805,256-77-2744,true
151,7/15/2017,403,137,871-16-0284,false
152,6/23/2018,932,103,226-68-1722,true
153,4/26/2018,888,104,644-89-2320,true
154,1/9/2018,956,74,374-31-4870,true
155,10/8/2017,397,862,116-55-3216,true
156,7/3/2017,922,396,349-11-0477,true
157,11/21/2017,647,778,475-89-0685,false
158,12/27/2017,907,740,132-46-9112,true
159,3/25/2018,725,970,241-54-4299,true
160,11/16/2017,992,311,708-04-1247,true
161,4/25/2018,146,927,855-29-1373,false
162,11/19/2017,935,779,881-78-2488,false
163,6/29/2017,995,615,278-67-0651,false
164,2/3/2018,769,153,242-10-3659,false
165,10/10/2017,128,224,853-58-4593,false
166,8/10/2017,445,781,564-64-1498,true
167,6/7/2018,679,86,647-93-7430,false
168,3/2/2018,421,903,755-69-9372,true
169,10/12/2017,640,529,286-06-5575,true
170,11/3/2017,818,668,571-44-7069,true
171,8/18/2017,257,8,892-53-6620,true
172,8/14/2017,277,415,802-28-0625,false
173,11/15/2017,593,795,122-14-4838,false
174,6/7/2018,629,618,150-80-8498,true
175,9/1/2017,435,840,457-34-6326,true
176,12/1/2017,230,755,539-66-9270,false
177,2/18/2018,130,443,440-63-3658,false
178,5/20/2018,972,811,698-34-0952,true
179,11/17/2017,430,888,337-03-5341,false
180,12/16/2017,660,170,367-47-3610,true
181,6/29/2017,802,117,441-37-5608,false
182,9/5/2017,308,41,358-58-7220,true
183,6/11/2018,546,869,525-47-1805,true
184,8/23/2017,790,620,151-78-5508,false
185,10/6/2017,520,643,633-16-4491,false
186,2/25/2018,908,198,746-08-4503,false
187,1/27/2018,675,637,615-74-9970,false
188,12/11/2017,53,796,742-03-4279,true
189,1/5/2018,97,344,521-28-0335,false
190,7/3/2017,430,472,472-81-2747,false
191,6/4/2018,748,925,723-89-3749,false
192,1/6/2018,457,243,255-55-9769,true
193,7/21/2017,321,921,754-52-5304,true
194,5/13/2018,19,811,136-07-8010,false
195,11/17/2017,302,8,696-26-0508,false
196,5/2/2018,277,240,216-32-6086,true
197,9/15/2017,613,543,406-82-6171,false
198,3/1/2018,864,176,894-29-4469,false
199,3/11/2018,155,368,442-39-6672,false
200,3/2/2018,634,494,166-39-4273,false
201,7/27/2017,410,148,823-24-9154,true
202,12/1/2017,244,452,481-13-8031,true
203,11/4/2017,10,588,873-58-3162,false
204,6/4/2018,36,369,435-64-2401,false
205,7/14/2017,93,409,286-67-2350,true
206,9/9/2017,327,370,872-31-0129,false
207,12/29/2017,718,589,851-71-5709,true
208,9/22/2017,316,283,327-73-1821,true
209,7/26/2017,836,210,108-69-2275,false
210,12/15/2017,895,432,379-25-4790,true
211,12/16/2017,100,659,777-72-1197,false
212,7/1/2017,714,804,749-72-5940,true
213,4/20/2018,182,850,635-16-0174,true
214,2/5/2018,170,518,403-72-0746,true
215,1/16/2018,185,828,247-49-0797,true
216,8/13/2017,78,669,399-55-5730,true
217,4/20/2018,671,201,488-03-8497,false
218,1/15/2018,741,992,101-76-0598,true
219,8/3/2017,230,800,289-12-5350,false
220,3/14/2018,456,20,140-94-5107,false
221,4/13/2018,28,712,649-17-5685,true
222,8/29/2017,196,890,220-05-9725,false
223,11/29/2017,9,468,800-72-6163,true
224,6/5/2018,159,588,203-15-8742,true
225,10/31/2017,651,28,195-11-0312,true
226,10/1/2017,267,2,837-10-2123,true
227,12/3/2017,68,103,451-42-9981,true
228,7/30/2017,682,519,822-96-0215,false
229,12/28/2017,341,597,693-82-2864,false
230,5/29/2018,190,866,830-21-2242,false
231,1/17/2018,717,971,369-39-7238,true
232,10/2/2017,890,669,422-81-1469,true
233,8/19/2017,846,813,108-52-2614,false
234,6/12/2018,584,970,505-81-8507,false
235,12/10/2017,782,840,820-02-8077,false
236,1/10/2018,554,853,465-33-5229,true
237,2/14/2018,568,598,149-36-3189,true
238,5/16/2018,325,803,414-12-9987,true
239,6/7/2018,415,551,722-08-3055,true
240,6/29/2017,845,766,578-35-6556,true
241,3/16/2018,517,993,401-37-8284,true
242,3/19/2018,592,953,816-26-0728,true
243,6/7/2018,754,966,236-23-6228,true
244,9/9/2017,29,821,355-87-9583,true
245,9/18/2017,136,885,819-78-9146,true
246,12/5/2017,33,397,565-08-5132,true
247,12/15/2017,607,651,423-25-9840,true
248,3/28/2018,33,411,889-94-6556,false
249,12/6/2017,702,381,676-13-9903,false
250,2/10/2018,255,784,557-40-8774,false
251,3/7/2018,486,786,888-70-0619,false
252,6/6/2018,199,721,741-41-2089,false
253,6/6/2018,339,57,238-11-7087,true
254,9/16/2017,623,804,185-84-6729,true
255,9/6/2017,604,330,265-17-1012,true
256,12/7/2017,249,100,394-35-0849,true
257,4/12/2018,566,64,498-31-5209,false
258,7/6/2017,471,90,446-03-3412,false
259,2/23/2018,633,308,598-54-2654,false
260,6/7/2018,366,425,700-31-4503,false
261,11/7/2017,209,276,112-24-4435,false
262,12/11/2017,348,457,173-45-9861,true
263,11/10/2017,323,379,445-75-3789,false
264,8/25/2017,406,916,115-17-8611,false
265,12/14/2017,463,32,126-44-6588,false
266,2/13/2018,438,664,294-88-4276,true
267,4/18/2018,45,24,441-42-9198,false
268,4/8/2018,565,558,443-02-9992,true
269,12/22/2017,954,206,268-49-4388,true
270,12/20/2017,385,425,228-89-4183,false
271,6/15/2018,312,297,375-71-2811,true
272,6/1/2018,763,237,651-64-5474,true
273,10/7/2017,537,424,122-60-8954,false
274,10/2/2017,525,213,448-17-0126,false
275,2/3/2018,63,313,742-04-0054,true
276,9/12/2017,58,622,202-34-4017,true
277,4/27/2018,570,286,860-50-4384,true
278,6/3/2018,860,19,759-79-6535,false
279,8/24/2017,721,348,687-09-3329,false
280,3/23/2018,953,457,676-31-8877,true
281,1/3/2018,18,667,873-47-5719,true
282,5/24/2018,716,967,346-05-6143,false
283,9/11/2017,880,962,368-03-8105,true
284,11/12/2017,432,597,250-46-5916,false
285,5/26/2018,423,326,195-84-3174,true
286,6/5/2018,768,596,817-05-4547,false
287,9/22/2017,336,917,250-67-4949,true
288,5/20/2018,720,856,250-39-1764,false
289,11/29/2017,147,84,542-40-5236,true
290,2/2/2018,804,331,855-84-3523,false
291,12/29/2017,168,463,704-20-8299,false
292,2/18/2018,348,892,151-78-6416,true
293,1/14/2018,473,370,418-03-3777,false
294,8/10/2017,449,315,344-10-9387,true
295,4/15/2018,868,937,190-19-6243,false
296,12/8/2017,304,211,784-47-4904,false
297,8/1/2017,969,977,376-08-5100,true
298,9/18/2017,288,173,782-83-9285,true
299,9/1/2017,775,544,759-49-9412,false
300,1/15/2018,985,865,336-69-9952,true
301,3/13/2018,30,777,309-40-0102,false
302,10/21/2017,464,684,707-56-2785,true
303,4/24/2018,47,593,661-48-1811,true
304,5/27/2018,746,37,215-40-3862,true
305,5/25/2018,65,324,523-05-1710,false
306,4/17/2018,357,917,667-98-7402,false
307,2/22/2018,435,29,335-26-5494,false
308,5/21/2018,305,700,152-26-0765,false
309,6/12/2018,716,454,591-70-0195,false
310,7/22/2017,953,476,892-61-0452,true
311,11/26/2017,725,1,723-25-9376,true
312,3/24/2018,868,59,193-84-4738,true
313,12/20/2017,486,348,822-60-7509,false
314,10/11/2017,319,383,451-89-2138,false
315,6/25/2017,126,129,384-48-5237,false
316,11/21/2017,142,733,664-80-0666,false
317,11/9/2017,854,23,606-83-4524,false
318,12/18/2017,576,12,102-23-2545,false
319,4/23/2018,431,336,449-47-2147,false
320,8/9/2017,21,882,194-48-5628,false
321,11/6/2017,984,225,226-50-6353,false
322,12/7/2017,809,406,748-10-4512,false
323,3/4/2018,68,331,806-98-1842,true
324,2/4/2018,173,520,806-09-3944,false
325,10/27/2017,37,137,833-89-2377,false
326,3/28/2018,778,671,610-44-4152,false
327,6/13/2018,176,263,125-48-2113,true
328,12/12/2017,837,1,251-29-1001,false
329,10/30/2017,631,504,633-02-4483,false
330,4/27/2018,125,228,870-97-1993,true
331,9/14/2017,446,818,553-79-6527,false
332,11/11/2017,236,825,803-64-3742,true
333,7/14/2017,688,519,156-28-9239,false
334,7/5/2017,482,516,712-49-3493,true
335,8/30/2017,664,429,651-85-7897,true
336,9/5/2017,493,43,313-30-8951,false
337,7/27/2017,100,430,855-95-9693,false
338,9/13/2017,95,503,172-19-0644,false
339,10/5/2017,857,797,807-87-0273,false
340,7/10/2017,515,371,445-23-3545,false
341,12/29/2017,338,90,184-71-2113,true
342,5/1/2018,225,421,682-43-1964,true
343,4/12/2018,184,839,827-86-7602,false
344,3/23/2018,627,785,678-58-9854,false
345,12/20/2017,458,175,335-83-3930,true
346,10/10/2017,207,663,865-04-8824,true
347,1/30/2018,914,307,107-37-0479,false
348,6/12/2018,827,423,209-45-4574,true
349,5/28/2018,762,675,815-13-2817,false
350,5/28/2018,424,900,683-73-7874,false
351,5/3/2018,260,121,778-29-7321,true
352,10/22/2017,728,55,273-23-0476,true
353,6/11/2018,291,825,467-71-4894,true
354,5/2/2018,884,501,817-06-4147,true
355,10/16/2017,490,166,817-94-8826,false
356,9/11/2017,345,256,753-19-0355,false
357,1/4/2018,515,711,451-32-9362,true
358,11/6/2017,754,156,798-72-9163,true
359,6/22/2018,228,26,256-20-7490,false
360,4/21/2018,975,117,692-19-0292,false
361,10/11/2017,378,575,373-20-3766,false
362,7/29/2017,207,799,315-32-9052,true
363,10/16/2017,20,68,118-44-5917,false
364,11/18/2017,751,247,416-88-8883,false
365,6/27/2017,750,793,143-24-8033,false
366,12/24/2017,323,827,889-84-0114,true
367,3/27/2018,63,648,267-43-8528,false
368,12/25/2017,531,285,273-32-8830,false
369,1/5/2018,598,688,336-42-5437,false
370,6/30/2017,153,6,319-48-8320,true
371,10/30/2017,155,620,793-38-3742,true
372,2/7/2018,777,636,244-77-5910,false
373,10/20/2017,900,801,349-31-3139,false
374,3/25/2018,331,429,697-68-4145,false
375,2/10/2018,580,515,559-90-9646,true
376,12/11/2017,110,160,397-44-1794,false
377,2/7/2018,791,851,236-47-1923,true
378,8/1/2017,346,119,748-68-8571,false
379,8/29/2017,722,903,142-09-9826,true
380,5/10/2018,459,540,810-74-0909,true
381,12/14/2017,986,671,401-83-3686,false
382,5/19/2018,949,296,427-93-5155,true
383,9/28/2017,125,521,697-69-6190,true
384,2/12/2018,45,693,398-26-8547,false
385,1/13/2018,234,34,423-43-6910,false
386,2/17/2018,865,2,805-49-1607,false
387,1/15/2018,999,588,198-11-1477,false
388,1/15/2018,68,773,346-14-3630,true
389,1/8/2018,483,764,515-97-7860,true
390,8/27/2017,722,11,652-03-5252,true
391,8/25/2017,870,952,871-44-1036,true
392,1/6/2018,427,624,609-84-4885,false
393,6/22/2018,376,475,522-66-9389,false
394,8/30/2017,407,50,203-29-8128,true
395,1/11/2018,797,94,617-77-9369,true
396,3/26/2018,679,362,538-05-9520,true
397,5/24/2018,845,824,109-23-0920,false
398,5/17/2018,9,807,434-31-0207,false
399,11/30/2017,543,684,529-96-9886,true
400,8/16/2017,880,725,816-53-9244,false
401,2/18/2018,710,420,832-59-5493,true
402,6/20/2018,244,44,601-97-9666,false
403,6/21/2018,989,862,553-14-2073,false
404,1/22/2018,960,189,125-84-5683,true
405,2/19/2018,517,334,538-23-3163,false
406,8/27/2017,236,204,533-24-5777,false
407,4/24/2018,698,178,258-10-6875,true
408,11/8/2017,325,709,265-04-2130,true
409,12/17/2017,828,691,351-16-8425,false
410,1/31/2018,58,12,232-65-1374,true
411,7/28/2017,67,500,332-51-5305,true
412,11/5/2017,645,342,740-13-2193,false
413,8/28/2017,802,217,829-34-6322,false
414,3/5/2018,411,314,452-98-6367,true
415,3/14/2018,650,285,606-39-4957,true
416,11/30/2017,25,421,272-68-5872,false
417,6/9/2018,297,407,513-32-8317,true
418,8/26/2017,56,115,885-84-5773,false
419,3/11/2018,943,281,803-34-9178,false
420,9/21/2017,414,261,818-98-8503,false
421,8/29/2017,971,488,119-69-7831,false
422,10/23/2017,536,954,701-45-2135,false
423,5/30/2018,233,637,684-65-8023,true
424,1/28/2018,979,779,769-01-3335,false
425,2/16/2018,94,671,607-72-4776,true
426,3/16/2018,418,308,827-25-7180,true
427,5/18/2018,17,142,593-65-4568,false
428,5/10/2018,745,784,688-88-7453,true
429,2/13/2018,530,313,596-71-9233,true
430,11/12/2017,902,777,705-72-2294,true
431,10/28/2017,103,552,568-53-7849,false
432,11/9/2017,636,342,801-52-9910,false
433,11/18/2017,652,891,831-27-9189,false
434,5/14/2018,698,916,693-68-2586,true
435,7/14/2017,166,419,165-64-7094,true
436,8/2/2017,996,952,230-76-4098,false
437,11/17/2017,910,850,610-04-7032,false
438,10/27/2017,965,83,587-79-9230,true
439,4/28/2018,811,690,825-42-0054,true
440,2/27/2018,78,384,170-74-8496,true
441,8/17/2017,345,445,312-48-8123,false
442,5/30/2018,49,415,661-08-7699,true
443,1/9/2018,487,121,751-56-5154,false
444,6/2/2018,709,808,276-34-8392,true
445,1/15/2018,662,156,849-23-5023,false
446,9/17/2017,27,879,745-41-7191,true
447,1/14/2018,342,614,738-18-0433,true
448,12/15/2017,632,653,622-18-4349,true
449,9/18/2017,803,413,731-61-4328,true
450,8/28/2017,272,977,861-54-8354,false
451,9/11/2017,106,555,851-90-2897,true
452,9/14/2017,588,107,299-22-9234,false
453,6/2/2018,931,991,166-51-8594,true
454,6/8/2018,354,303,441-69-5436,true
455,1/27/2018,924,438,510-76-0221,true
456,1/22/2018,380,834,865-88-7733,true
457,11/16/2017,739,666,317-43-5473,true
458,6/16/2018,946,115,480-53-8487,true
459,5/24/2018,827,77,525-54-4246,true
460,4/19/2018,738,336,226-77-1751,false
461,5/5/2018,571,917,699-05-5888,false
462,8/14/2017,833,706,701-90-8334,true
463,1/20/2018,454,94,498-97-3873,true
464,4/1/2018,818,213,166-56-5521,true
465,3/19/2018,182,309,223-76-6593,true
466,12/22/2017,472,450,398-56-2552,true
467,4/15/2018,374,936,131-94-6327,true
468,9/8/2017,153,995,706-20-1418,false
469,5/18/2018,978,855,476-27-2797,true
470,11/17/2017,784,158,829-66-5845,true
471,7/28/2017,313,938,162-82-0547,false
472,1/28/2018,541,499,653-68-0201,true
473,10/6/2017,663,138,568-78-5790,false
474,8/23/2017,351,287,833-49-6153,true
475,8/16/2017,682,258,620-34-5528,true
476,7/20/2017,672,484,860-86-0829,false
477,2/10/2018,645,895,607-82-7825,true
478,1/9/2018,1,23,657-10-7337,true
479,10/12/2017,113,362,333-40-1306,false
480,10/26/2017,771,488,609-62-1604,false
481,3/11/2018,155,937,715-33-9102,false
482,4/3/2018,1000,458,761-14-0598,true
483,9/2/2017,621,313,383-36-8746,false
484,12/24/2017,194,84,878-98-3930,true
485,5/3/2018,151,483,711-26-3134,true
486,9/24/2017,122,134,623-01-3543,false
487,8/22/2017,574,129,216-43-2011,false
488,9/11/2017,593,181,597-27-4602,false
489,11/2/2017,697,743,345-99-1465,true
490,1/23/2018,429,165,779-40-7724,false
491,4/7/2018,465,617,247-49-4416,true
492,4/15/2018,107,570,635-58-6399,true
493,6/4/2018,268,123,731-59-0486,false
494,11/16/2017,809,137,840-03-8026,true
495,4/26/2018,595,827,440-54-1454,false
496,6/2/2018,720,561,421-14-2018,true
497,4/4/2018,807,573,867-83-1280,false
498,1/31/2018,902,679,601-03-9807,true
499,9/9/2017,564,9,494-10-5109,false
500,5/27/2018,95,230,798-50-4660,false
501,10/9/2017,642,953,225-95-0598,false
502,6/14/2018,586,935,233-41-1775,false
503,8/28/2017,602,771,168-87-3238,false
504,2/15/2018,683,210,714-86-2829,true
505,10/4/2017,57,579,829-55-8653,false
506,11/22/2017,665,762,510-06-2895,true
507,11/3/2017,744,291,171-78-8470,false
508,2/5/2018,49,112,149-77-4457,true
509,11/12/2017,492,779,347-77-6728,false
510,5/16/2018,848,720,103-08-7438,false
511,11/25/2017,183,350,281-52-9064,true
512,9/30/2017,647,104,795-82-5836,true
513,4/8/2018,843,265,483-56-9858,true
514,10/8/2017,839,807,249-39-8755,true
515,8/15/2017,375,775,702-56-8196,false
516,7/6/2017,632,899,127-96-4088,false
517,2/4/2018,967,245,468-03-3972,false
518,5/27/2018,885,915,155-10-8462,true
519,1/27/2018,13,675,276-47-6631,false
520,6/19/2018,560,9,890-11-8940,true
521,3/22/2018,619,215,183-11-3377,true
522,12/29/2017,750,400,754-69-4235,false
523,11/11/2017,793,540,430-44-3766,true
524,4/3/2018,456,73,779-03-8436,false
525,7/21/2017,293,956,460-95-9571,true
526,7/24/2017,251,799,395-03-8171,false
527,8/25/2017,994,779,449-75-8597,false
528,3/31/2018,334,344,271-64-0564,false
529,4/2/2018,984,636,487-12-2089,true
530,6/19/2018,145,316,306-51-8703,true
531,10/13/2017,722,353,709-30-6959,false
532,7/28/2017,664,381,846-97-2014,true
533,12/9/2017,720,243,360-61-4350,false
534,11/5/2017,948,602,238-96-1527,false
535,11/13/2017,583,572,514-62-5994,false
536,5/22/2018,72,106,825-76-9097,true
537,10/26/2017,788,821,507-87-3232,true
538,2/22/2018,708,191,234-40-2141,false
539,8/2/2017,990,617,485-82-1934,true
540,6/13/2018,11,770,185-51-6790,true
541,9/18/2017,846,856,691-57-7351,true
542,8/9/2017,114,535,101-41-0764,false
543,7/14/2017,198,280,126-69-4710,false
544,12/27/2017,178,298,173-46-9396,false
545,12/4/2017,447,893,621-97-8837,true
546,2/27/2018,537,637,620-43-1258,true
547,8/12/2017,30,775,298-99-6046,true
548,3/29/2018,301,48,351-89-7262,false
549,10/14/2017,940,84,821-95-9912,false
550,1/31/2018,29,75,129-66-5482,false
551,11/5/2017,615,800,280-68-5204,true
552,8/19/2017,533,27,302-94-8070,false
553,2/23/2018,210,907,640-60-5170,true
554,11/8/2017,927,106,543-36-2838,false
555,8/3/2017,311,239,819-23-8109,false
556,1/9/2018,557,613,874-09-9300,false
557,3/21/2018,861,77,100-89-7468,false
558,1/29/2018,690,916,150-37-9746,true
559,8/8/2017,411,913,810-27-2638,false
560,3/1/2018,424,309,253-67-5666,true
561,11/14/2017,459,687,502-71-1446,true
562,7/29/2017,800,292,428-70-5395,true
563,5/4/2018,314,87,361-60-3898,false
564,7/24/2017,636,990,137-50-8008,false
565,4/16/2018,301,270,593-42-2389,true
566,3/11/2018,934,426,881-19-8389,false
567,12/29/2017,473,482,465-49-0499,true
568,7/13/2017,970,731,711-74-3658,false
569,9/11/2017,513,436,813-03-9479,false
570,3/5/2018,485,25,858-70-0101,false
571,6/3/2018,350,556,456-20-8799,true
572,1/22/2018,894,948,654-51-3884,true
573,4/10/2018,672,521,794-90-4267,true
574,2/25/2018,760,614,167-22-7157,false
575,7/17/2017,902,91,834-16-9558,true
576,6/27/2017,955,708,144-37-3299,false
577,9/27/2017,639,619,795-71-4412,true
578,5/13/2018,874,446,501-69-4471,false
579,11/26/2017,352,373,634-93-9847,false
580,12/2/2017,164,132,366-72-4766,false
581,5/11/2018,707,508,314-48-1402,false
582,12/23/2017,934,179,618-68-4502,false
583,8/2/2017,891,132,807-43-2099,true
584,9/18/2017,573,244,638-41-7959,true
585,2/14/2018,561,594,468-08-0832,false
586,10/28/2017,957,642,582-31-7353,true
587,3/14/2018,141,54,641-49-4603,true
588,7/16/2017,155,616,774-71-1798,true
589,4/10/2018,25,940,469-82-4084,true
590,11/26/2017,630,70,323-26-0486,true
591,4/3/2018,759,893,669-62-7862,false
592,1/25/2018,690,755,102-20-8348,true
593,11/25/2017,296,434,271-38-5556,false
594,11/10/2017,697,769,350-32-7682,false
595,12/30/2017,747,886,242-61-6717,false
596,10/8/2017,877,863,249-96-6985,true
597,5/21/2018,200,470,181-28-4013,false
598,9/2/2017,965,33,438-66-7522,false
599,3/29/2018,720,24,525-05-1887,true
600,9/12/2017,267,229,845-57-3506,true
601,8/1/2017,418,211,636-09-5215,true
602,1/19/2018,636,358,315-96-0746,true
603,3/25/2018,287,448,198-32-7045,true
604,8/18/2017,179,17,330-99-6679,false
605,5/7/2018,259,997,885-02-6560,false
606,11/23/2017,765,501,581-62-8357,true
607,8/11/2017,891,213,587-81-4060,true
608,5/23/2018,975,435,896-65-0314,false
609,11/12/2017,536,797,234-72-2679,true
610,4/16/2018,259,949,540-13-9463,true
611,11/13/2017,682,635,406-51-0311,false
612,5/28/2018,746,832,528-38-1800,true
613,4/14/2018,84,723,282-36-1189,false
614,7/6/2017,228,239,867-19-4438,true
615,7/30/2017,789,179,498-67-1645,true
616,6/5/2018,985,147,788-42-4059,true
617,9/29/2017,274,8,707-67-5387,true
618,4/17/2018,133,140,847-45-8211,true
619,1/16/2018,649,716,362-24-1473,false
620,4/8/2018,778,53,541-35-2473,false
621,11/19/2017,595,434,568-01-9433,false
622,11/26/2017,164,191,127-58-2541,true
623,8/18/2017,50,130,813-96-3955,false
624,10/17/2017,554,276,462-64-8190,true
625,6/29/2017,778,194,652-73-4777,true
626,10/16/2017,885,278,171-40-7927,false
627,11/14/2017,656,107,689-24-9578,false
628,4/30/2018,612,919,691-18-1805,true
629,4/24/2018,683,877,854-17-6974,true
630,6/19/2018,474,520,222-26-6933,false
631,8/19/2017,503,95,367-08-6202,false
632,12/21/2017,225,677,766-05-8224,true
633,11/27/2017,48,38,262-09-9473,false
634,1/27/2018,549,833,776-34-6069,true
635,3/9/2018,369,321,776-16-8820,false
636,4/21/2018,974,499,726-41-9424,true
637,11/14/2017,326,763,475-40-9985,false
638,9/29/2017,511,780,202-82-7203,false
639,9/27/2017,356,263,368-14-6884,true
640,12/16/2017,814,776,209-59-7167,false
641,5/14/2018,95,265,361-93-2285,true
642,8/11/2017,898,266,759-76-0280,true
643,6/4/2018,635,202,325-91-8929,true
644,9/22/2017,651,35,651-62-4430,false
645,11/24/2017,624,617,831-66-3836,true
646,10/24/2017,956,31,861-01-5087,false
647,9/29/2017,333,499,829-47-2345,false
648,8/21/2017,31,772,537-82-9452,true
649,2/11/2018,963,911,841-54-8600,true
650,1/23/2018,415,544,840-23-2686,false
651,2/8/2018,292,748,653-72-2978,true
652,9/23/2017,739,674,651-07-3590,false
653,1/15/2018,711,348,173-39-9244,false
654,2/14/2018,273,954,621-61-9133,true
655,10/4/2017,30,817,601-75-3252,false
656,5/2/2018,209,91,820-49-5708,false
657,12/23/2017,720,606,562-21-6047,true
658,10/28/2017,160,961,387-99-0069,false
659,3/23/2018,228,550,499-74-8966,true
660,11/5/2017,864,577,136-04-4358,true
661,11/29/2017,618,118,768-90-7964,false
662,11/3/2017,174,67,222-28-7691,true
663,1/31/2018,920,836,629-73-3107,false
664,9/21/2017,239,153,711-28-1941,true
665,2/3/2018,497,208,881-47-9810,true
666,12/9/2017,959,599,841-97-0812,false
667,3/13/2018,583,778,528-35-3955,false
668,6/19/2018,802,476,862-92-9753,false
669,5/2/2018,116,106,222-92-0906,false
670,2/28/2018,167,683,385-45-5567,true
671,3/3/2018,49,193,290-43-6497,true
672,5/7/2018,331,914,851-47-6343,true
673,7/24/2017,157,135,256-03-3011,false
674,2/17/2018,113,913,602-85-1243,false
675,11/19/2017,46,253,387-02-3043,false
676,11/16/2017,68,749,752-42-9922,false
677,10/20/2017,46,440,809-12-0145,true
678,4/24/2018,272,290,669-01-8425,true
679,4/24/2018,934,813,228-97-8042,false
680,1/17/2018,729,790,689-55-5301,false
681,9/9/2017,15,81,438-02-8056,false
682,11/13/2017,280,584,335-55-3874,true
683,10/4/2017,791,197,672-95-4895,true
684,11/9/2017,447,626,393-25-9131,true
685,7/8/2017,709,393,235-18-1094,false
686,4/16/2018,426,778,321-12-0984,false
687,2/1/2018,263,635,513-88-0672,true
688,11/25/2017,497,35,596-37-2506,true
689,7/31/2017,692,566,229-19-5734,false
690,10/14/2017,672,376,636-14-1606,false
691,4/24/2018,211,542,382-53-4669,true
692,1/9/2018,380,795,601-47-9102,false
693,6/24/2017,832,425,818-45-2559,false
694,4/19/2018,611,513,783-21-2828,true
695,4/10/2018,47,711,490-94-0314,true
696,1/7/2018,200,917,461-79-8387,false
697,4/15/2018,88,573,550-71-7129,true
698,12/10/2017,701,997,484-96-1586,true
699,6/22/2018,138,957,314-02-4424,true
700,12/11/2017,869,841,205-43-6971,false
701,1/11/2018,276,78,215-56-9037,false
702,8/13/2017,210,280,556-48-8892,true
703,4/6/2018,397,507,344-75-5547,true
704,1/28/2018,625,466,662-46-4857,false
705,5/4/2018,137,426,813-30-2921,false
706,8/27/2017,649,685,750-05-0135,true
707,9/11/2017,621,892,480-39-4365,true
708,4/13/2018,775,945,106-84-8182,false
709,2/21/2018,720,624,184-84-8648,false
710,12/7/2017,376,107,369-20-0714,false
711,9/8/2017,363,715,301-95-4840,true
712,7/31/2017,37,469,194-70-7492,true
713,12/12/2017,546,967,438-09-7933,false
714,4/24/2018,38,764,759-37-5260,true
715,10/19/2017,406,110,849-86-6805,false
716,5/23/2018,343,468,763-95-4719,true
717,3/11/2018,78,551,701-73-1258,true
718,2/23/2018,840,7,315-01-7505,true
719,2/15/2018,662,757,527-03-5023,true
720,7/12/2017,23,765,717-96-5563,false
721,6/2/2018,664,379,367-67-5401,true
722,7/20/2017,723,955,587-20-4904,false
723,4/18/2018,131,875,662-22-9812,false
724,7/14/2017,20,451,338-37-9420,false
725,8/10/2017,679,662,124-03-9680,true
726,9/3/2017,85,851,683-48-8446,true
727,7/25/2017,421,322,749-91-3994,false
728,12/5/2017,672,314,202-65-7887,false
729,7/12/2017,984,193,748-17-1637,true
730,10/31/2017,451,388,634-52-2285,true
731,3/18/2018,901,18,199-54-5651,true
732,4/24/2018,116,230,342-02-0519,false
733,4/8/2018,540,938,558-19-8747,true
734,12/17/2017,398,372,880-14-0438,true
735,11/30/2017,819,124,452-83-1639,true
736,8/6/2017,185,855,312-07-7466,false
737,1/2/2018,646,709,323-65-5125,true
738,1/5/2018,708,50,101-21-4713,false
739,1/3/2018,159,617,573-65-8232,false
740,6/14/2018,822,173,368-69-4505,false
741,12/4/2017,437,76,537-75-2033,false
742,12/14/2017,102,816,344-91-4520,false
743,7/31/2017,916,580,594-52-1472,true
744,5/4/2018,819,193,627-34-7783,false
745,4/13/2018,197,209,546-99-4526,true
746,1/24/2018,510,859,286-07-2574,true
747,10/17/2017,88,385,381-12-3044,true
748,4/10/2018,962,76,243-85-1489,true
749,6/22/2018,402,190,167-17-8514,true
750,10/6/2017,53,864,701-50-8417,true
751,5/28/2018,878,507,178-14-7958,true
752,2/14/2018,742,347,275-72-0832,false
753,12/31/2017,246,533,431-70-2155,true
754,1/13/2018,269,78,704-73-3276,false
755,12/22/2017,663,100,305-55-6627,true
756,12/3/2017,10,545,321-99-4416,true
757,5/11/2018,642,369,479-84-3663,true
758,1/6/2018,83,550,524-75-3889,true
759,3/5/2018,534,788,451-44-1283,true
760,12/21/2017,855,951,640-91-1366,true
761,9/24/2017,890,918,240-12-2617,true
762,2/5/2018,526,806,831-84-7186,false
763,10/19/2017,614,938,824-03-0622,false
764,1/5/2018,207,340,431-45-4716,true
765,6/9/2018,336,879,362-39-9142,true
766,11/3/2017,866,676,518-55-5392,true
767,3/13/2018,436,455,641-79-4435,false
768,4/17/2018,526,445,140-94-7032,true
769,8/21/2017,832,267,522-43-0692,false
770,6/23/2018,443,405,254-24-5296,true
771,6/17/2018,555,790,767-09-1043,true
772,10/23/2017,549,795,646-62-0714,false
773,7/4/2017,13,734,498-32-2731,true
774,10/29/2017,418,784,571-34-4848,true
775,2/1/2018,456,158,734-66-9464,true
776,12/12/2017,375,415,133-73-9528,false
777,2/27/2018,400,630,216-46-7616,true
778,8/30/2017,170,793,266-74-5348,true
779,8/31/2017,78,842,383-32-8344,true
780,7/7/2017,614,213,450-38-5259,true
781,12/19/2017,530,703,364-77-1866,true
782,4/24/2018,932,925,710-52-2838,false
783,9/17/2017,726,167,401-74-2845,false
784,11/20/2017,633,278,250-61-4116,true
785,3/27/2018,719,305,891-86-1609,false
786,10/2/2017,369,508,428-32-1919,false
787,3/31/2018,410,276,797-90-7137,true
788,4/3/2018,505,152,674-35-1132,false
789,2/26/2018,988,55,594-95-3819,false
790,8/26/2017,453,550,203-50-8398,true
791,9/14/2017,108,362,479-72-7135,false
792,5/28/2018,215,621,611-93-5871,false
793,4/18/2018,909,167,756-26-9197,true
794,1/31/2018,875,876,807-87-1296,true
795,6/1/2018,874,868,300-20-9068,false
796,4/22/2018,287,580,527-56-4910,false
797,11/7/2017,620,543,590-99-8156,true
798,8/8/2017,307,873,161-45-5108,false
799,5/25/2018,601,597,620-85-8004,false
800,5/12/2018,777,338,863-52-2368,true
801,1/9/2018,557,722,190-67-0337,true
802,12/11/2017,517,128,286-93-2332,true
803,10/15/2017,868,932,652-12-6517,true
804,9/17/2017,150,639,641-33-3494,false
805,11/9/2017,556,59,517-79-6328,true
806,7/31/2017,387,612,122-26-9818,false
807,1/13/2018,915,978,705-45-5229,false
808,12/31/2017,408,325,358-97-0269,false
809,7/30/2017,546,300,101-32-1764,true
810,11/24/2017,231,534,386-19-7780,false
811,7/4/2017,328,837,733-55-9317,true
812,5/25/2018,5,92,492-31-1548,true
813,7/25/2017,707,746,346-61-0213,true
814,5/4/2018,333,51,721-49-1558,false
815,7/30/2017,938,338,620-76-2548,true
816,2/3/2018,960,314,547-83-0510,true
817,3/2/2018,445,583,172-09-7865,false
818,11/16/2017,201,965,730-92-8227,false
819,9/2/2017,659,82,385-45-1594,true
820,5/5/2018,517,719,479-39-1956,false
821,8/3/2017,724,838,544-29-8724,false
822,10/24/2017,110,396,673-95-3383,true
823,11/20/2017,930,436,382-73-5283,true
824,11/24/2017,16,919,824-73-9214,false
825,3/30/2018,303,442,643-09-8417,true
826,4/5/2018,517,616,271-17-3466,true
827,4/10/2018,603,506,256-15-4859,false
828,8/9/2017,496,419,577-65-5402,false
829,9/14/2017,484,527,383-34-7277,true
830,7/4/2017,729,675,423-51-5872,false
831,7/1/2017,310,38,440-54-8321,true
832,10/27/2017,900,492,591-25-1790,true
833,1/25/2018,718,120,587-57-4176,false
834,6/15/2018,567,117,198-18-5813,true
835,3/25/2018,722,549,122-16-3199,false
836,7/22/2017,996,35,525-06-9221,false
837,8/28/2017,52,720,614-99-1517,true
838,4/3/2018,645,726,341-38-0682,true
839,10/3/2017,241,237,319-70-4373,true
840,9/27/2017,247,118,780-40-8617,true
841,4/12/2018,932,441,812-98-7200,false
842,7/3/2017,667,964,693-78-9179,true
843,9/12/2017,10,98,770-07-6144,false
844,1/30/2018,114,27,747-73-6557,false
845,8/6/2017,578,690,231-84-1710,false
846,4/7/2018,295,392,525-84-5828,false
847,6/4/2018,767,378,340-11-6315,true
848,12/4/2017,630,140,632-35-5655,false
849,10/29/2017,210,497,300-72-6366,true
850,7/5/2017,643,546,534-31-4895,false
851,2/2/2018,346,747,246-34-5444,true
852,7/18/2017,391,323,634-55-2026,true
853,9/26/2017,547,593,688-23-1743,true
854,1/22/2018,862,825,874-13-1021,true
855,9/19/2017,97,116,136-90-0172,true
856,9/19/2017,650,283,106-36-4789,false
857,4/30/2018,935,925,453-94-1221,false
858,9/16/2017,442,439,876-08-4239,false
859,12/9/2017,281,986,164-71-7745,false
860,7/23/2017,330,23,304-06-0648,true
861,11/16/2017,559,716,565-94-1392,true
862,6/12/2018,603,739,178-80-8744,true
863,8/7/2017,479,102,289-42-6038,false
864,3/4/2018,282,922,365-03-4630,false
865,12/3/2017,961,623,423-89-5639,true
866,4/17/2018,481,977,332-44-1536,false
867,10/1/2017,198,765,772-90-8192,true
868,10/25/2017,512,305,555-72-9724,false
869,1/28/2018,920,172,160-23-6915,true
870,4/24/2018,696,141,794-19-8480,true
871,6/17/2018,436,809,211-92-6666,false
872,5/31/2018,335,209,397-89-4477,false
873,8/8/2017,814,789,455-67-0358,false
874,3/25/2018,850,884,242-26-4542,true
875,8/19/2017,409,388,680-43-6910,false
876,6/15/2018,477,32,404-23-4741,true
877,1/8/2018,394,854,663-82-3241,false
878,3/1/2018,804,472,194-05-5529,true
879,3/6/2018,661,63,475-43-9438,true
880,10/6/2017,517,477,324-27-8760,true
881,7/13/2017,691,359,114-88-1210,true
882,8/29/2017,959,526,896-29-2351,false
883,3/22/2018,559,28,336-66-4723,false
884,6/6/2018,770,532,758-69-6551,false
885,10/12/2017,161,933,868-82-3286,false
886,9/7/2017,946,838,616-84-3658,false
887,4/27/2018,953,107,529-44-1051,false
888,5/5/2018,455,28,797-78-2848,false
889,2/8/2018,470,494,407-18-0187,true
890,12/11/2017,988,905,723-10-5039,true
891,4/26/2018,567,128,476-90-7921,false
892,4/24/2018,653,753,714-05-2041,false
893,1/12/2018,801,95,566-84-0717,true
894,9/10/2017,429,544,898-18-9429,false
895,6/17/2018,264,301,406-49-9233,true
896,6/12/2018,386,848,378-72-1049,true
897,12/15/2017,564,377,304-50-7122,true
898,11/9/2017,298,531,111-60-4477,true
899,8/9/2017,218,324,464-35-6718,false
900,9/28/2017,309,654,417-67-6361,false
901,12/8/2017,48,263,579-34-1215,false
902,8/10/2017,625,594,592-01-5714,true
903,10/5/2017,293,863,579-02-4408,false
904,2/10/2018,280,261,273-12-8120,false
905,4/7/2018,874,564,472-36-5928,false
906,10/24/2017,762,843,320-18-8866,false
907,9/8/2017,914,810,583-27-7294,true
908,8/21/2017,344,949,705-22-2948,false
909,4/29/2018,669,424,507-40-0049,false
910,3/13/2018,257,447,297-03-8198,true
911,1/10/2018,745,895,599-47-8622,true
912,2/6/2018,353,342,791-50-2775,true
913,3/20/2018,346,978,648-10-7202,true
914,6/4/2018,535,540,533-17-2531,true
915,12/10/2017,548,339,384-48-7421,true
916,2/6/2018,20,280,446-24-4508,true
917,8/15/2017,621,171,641-55-5169,true
918,7/8/2017,448,790,487-03-5758,false
919,7/28/2017,349,671,661-16-2734,false
920,3/28/2018,626,373,244-71-7012,true
921,8/6/2017,324,88,100-98-6304,false
922,3/17/2018,613,964,150-13-1160,true
923,10/2/2017,628,383,650-05-5807,true
924,10/19/2017,816,655,518-62-7459,false
925,4/13/2018,685,334,265-62-7914,false
926,10/12/2017,951,333,572-93-6026,false
927,6/10/2018,837,334,702-53-4605,false
928,6/21/2018,384,248,403-69-5017,false
929,1/17/2018,143,881,680-32-8736,false
930,4/14/2018,305,384,379-87-8726,false
931,1/16/2018,972,813,519-19-8153,false
932,5/21/2018,457,876,581-59-2214,false
933,9/6/2017,740,437,343-54-0335,false
934,5/4/2018,582,728,367-91-8581,true
935,4/8/2018,326,937,535-34-0070,false
936,4/5/2018,147,962,126-75-0631,true
937,5/24/2018,916,195,111-92-2890,false
938,12/3/2017,877,245,216-56-3232,true
939,10/3/2017,953,540,196-90-5524,false
940,10/25/2017,707,244,815-55-0238,true
941,7/15/2017,40,657,280-27-0734,false
942,9/29/2017,788,789,618-53-9277,false
943,5/27/2018,706,865,532-31-7869,true
944,12/16/2017,633,545,865-36-4975,true
945,7/20/2017,921,51,200-21-6431,false
946,8/28/2017,994,81,869-97-5751,true
947,12/27/2017,919,839,627-94-4425,true
948,7/7/2017,548,982,881-67-9076,false
949,2/22/2018,569,301,639-73-8199,false
950,5/25/2018,741,914,617-58-2348,false
951,8/24/2017,849,360,461-17-7787,false
952,4/11/2018,190,50,673-05-3679,false
953,9/9/2017,106,935,812-30-6012,true
954,3/31/2018,562,882,521-40-9390,false
955,9/28/2017,88,48,412-56-8188,false
956,10/9/2017,322,733,447-94-5924,true
957,10/2/2017,344,799,544-50-2442,true
958,5/18/2018,274,594,379-72-8167,false
959,1/10/2018,974,526,300-96-3987,true
960,3/13/2018,623,914,103-11-4049,false
961,10/15/2017,215,241,212-73-9444,true
962,3/21/2018,109,793,635-05-4214,false
963,11/17/2017,463,89,546-47-7184,true
964,9/19/2017,722,403,181-70-5460,true
965,7/4/2017,442,973,260-60-1443,false
966,9/25/2017,574,67,330-84-2045,false
967,7/26/2017,690,610,563-03-0311,false
968,4/6/2018,512,553,544-33-0784,false
969,10/12/2017,272,577,795-57-7525,true
970,1/23/2018,552,473,888-50-7865,false
971,7/8/2017,970,63,112-58-2183,false
972,5/23/2018,538,221,885-94-8897,true
973,4/29/2018,624,35,289-45-3219,false
974,3/23/2018,899,972,386-91-1197,false
975,5/27/2018,98,419,781-60-5104,true
976,4/12/2018,963,646,843-04-2074,false
977,5/15/2018,720,608,838-09-3797,false
978,12/14/2017,938,536,869-15-7516,false
979,9/15/2017,870,910,224-32-4582,true
980,12/29/2017,555,647,275-56-4155,false
981,9/4/2017,711,786,600-89-2467,true
982,4/8/2018,187,484,610-41-9395,false
983,1/3/2018,611,792,375-48-8802,true
984,10/27/2017,276,431,669-85-3649,true
985,5/8/2018,810,97,596-11-1429,false
986,2/10/2018,616,667,646-47-0554,true
987,12/2/2017,442,658,592-93-6285,false
988,6/12/2018,12,621,262-17-4926,true
989,8/1/2017,59,238,816-72-5754,false
990,12/11/2017,824,992,513-23-8351,true
991,6/4/2018,275,629,572-88-4803,true
992,9/16/2017,251,185,564-09-2211,true
993,12/7/2017,421,615,542-15-2062,true
994,12/28/2017,940,505,704-90-9105,true
995,1/18/2018,864,209,370-57-6017,false
996,12/14/2017,858,241,138-59-6547,true
997,6/2/2018,438,282,494-29-4241,true
998,4/23/2018,773,617,698-27-4088,true
999,8/8/2017,758,458,613-55-2444,true
1000,12/13/2017,431,18,220-05-2911,false
