purchase_id,store_id,account_number,total_price,online
1,601,389-98-3319,894,FALSE
2,747,604-30-2071,211,TRUE
3,531,722-94-1183,71,FALSE
4,796,857-57-5673,978,FALSE
5,918,438-93-4176,180,TRUE
6,894,325-74-3033,701,TRUE
7,675,292-92-0819,516,TRUE
8,528,332-37-1148,700,TRUE
9,559,720-08-5182,201,FALSE
10,640,387-18-5861,656,FALSE
11,83,739-45-3789,241,TRUE
12,717,287-63-4416,893,TRUE
13,618,824-24-6709,738,FALSE
14,405,463-95-3134,810,FALSE
15,350,800-69-9255,226,FALSE
16,964,871-51-6974,164,FALSE
17,458,529-98-1575,316,FALSE
18,975,190-45-9065,388,TRUE
19,142,884-56-3964,677,FALSE
20,724,678-95-4900,519,FALSE
21,172,580-92-4850,496,TRUE
22,577,781-64-0585,787,TRUE
23,515,699-84-3033,234,TRUE
24,937,476-15-7161,909,FALSE
25,506,497-01-5784,253,FALSE
26,840,843-84-9928,480,TRUE
27,549,821-22-0387,400,TRUE
28,239,478-10-6408,515,FALSE
29,485,495-13-8858,150,FALSE
30,654,561-01-2421,161,TRUE
31,789,492-40-5733,33,TRUE
32,807,257-99-1902,63,TRUE
33,133,555-83-1945,875,TRUE
34,372,212-47-3112,920,TRUE
35,498,221-65-5155,264,TRUE
36,921,152-17-7897,584,TRUE
37,633,686-48-6965,957,TRUE
38,348,127-67-5001,825,FALSE
39,993,505-31-1420,503,FALSE
40,424,468-51-9949,710,FALSE
41,184,859-84-5420,290,TRUE
42,354,359-11-3205,380,FALSE
43,71,362-83-8675,998,FALSE
44,790,153-21-2426,647,FALSE
45,81,806-17-4832,216,TRUE
46,747,142-86-4330,885,TRUE
47,91,605-18-3793,965,FALSE
48,447,107-04-8386,106,FALSE
49,216,714-60-0788,314,TRUE
50,962,288-56-7642,392,FALSE
51,66,407-31-1370,187,TRUE
52,243,743-64-8091,822,FALSE
53,561,882-59-6252,116,FALSE
54,904,676-57-7901,69,FALSE
55,530,139-69-8885,417,FALSE
56,972,874-63-7147,844,TRUE
57,239,396-17-4781,520,FALSE
58,106,411-16-7650,462,FALSE
59,111,564-44-7964,416,TRUE
60,440,828-38-7667,740,FALSE
61,552,220-03-8345,529,TRUE
62,89,809-01-2956,269,FALSE
63,911,630-61-5547,566,FALSE
64,588,815-24-9230,988,TRUE
65,219,422-97-1765,115,FALSE
66,305,757-69-7522,77,FALSE
67,803,394-26-7779,329,FALSE
68,600,744-41-8761,796,TRUE
69,363,126-11-6844,471,FALSE
70,482,464-32-9274,471,TRUE
71,475,476-11-3435,455,FALSE
72,691,672-92-7520,473,TRUE
73,889,863-30-3050,967,FALSE
74,527,108-50-8633,536,TRUE
75,252,493-34-2218,699,FALSE
76,125,639-51-9614,699,TRUE
77,794,325-20-0649,105,TRUE
78,631,638-39-1268,738,FALSE
79,494,163-74-3817,322,TRUE
80,338,379-71-8565,23,FALSE
81,336,446-99-8214,316,FALSE
82,54,796-34-7174,596,TRUE
83,172,605-47-7811,374,FALSE
84,539,186-74-6711,687,TRUE
85,484,285-94-5389,451,FALSE
86,165,217-18-9608,540,TRUE
87,200,524-57-0989,616,FALSE
88,804,757-77-4030,209,FALSE
89,839,537-77-3323,730,TRUE
90,825,770-37-2285,89,TRUE
91,990,408-01-5663,43,TRUE
92,400,583-47-8848,251,FALSE
93,568,557-92-7455,179,TRUE
94,481,889-02-3699,876,FALSE
95,179,676-03-3043,519,TRUE
96,57,235-74-7441,867,TRUE
97,363,520-96-4237,816,FALSE
98,407,117-03-0218,76,FALSE
99,400,595-63-5992,871,FALSE
100,134,360-61-8595,414,FALSE
101,905,260-27-4518,87,TRUE
102,920,278-13-5375,174,FALSE
103,475,576-13-9105,181,FALSE
104,416,873-72-4333,1,FALSE
105,830,139-91-5317,992,TRUE
106,851,787-87-3405,63,FALSE
107,399,199-53-7729,916,FALSE
108,510,155-62-3464,112,TRUE
109,591,474-61-2006,595,FALSE
110,470,702-46-1022,804,TRUE
111,153,342-97-5841,462,FALSE
112,729,333-43-9270,382,TRUE
113,581,421-60-7549,602,FALSE
114,77,809-07-1254,169,TRUE
115,481,479-78-3903,179,TRUE
116,245,591-52-3344,340,TRUE
117,109,493-11-7526,624,TRUE
118,865,168-46-0755,621,TRUE
119,557,741-19-4181,883,TRUE
120,872,717-15-8357,376,TRUE
121,532,816-66-5121,608,TRUE
122,911,557-32-1272,793,FALSE
123,440,103-37-7534,785,FALSE
124,199,652-23-3688,40,FALSE
125,369,881-50-7433,360,TRUE
126,957,840-21-2740,674,FALSE
127,961,825-75-4391,446,FALSE
128,448,715-54-8326,888,TRUE
129,36,537-41-3164,925,FALSE
130,348,332-20-3891,805,FALSE
131,501,275-27-0089,325,FALSE
132,252,727-38-8839,363,TRUE
133,927,525-70-0465,337,FALSE
134,44,541-44-8972,679,TRUE
135,634,858-77-9936,382,TRUE
136,608,440-51-4566,64,TRUE
137,33,777-08-1847,548,TRUE
138,624,419-57-1022,865,FALSE
139,246,819-32-6630,938,TRUE
140,993,555-85-1521,214,TRUE
141,763,590-64-8270,314,FALSE
142,939,720-44-0920,37,TRUE
143,695,197-96-2087,246,TRUE
144,511,871-69-0164,750,FALSE
145,49,737-76-0474,986,TRUE
146,424,485-73-3706,270,FALSE
147,586,506-83-4926,290,TRUE
148,644,469-81-7252,470,FALSE
149,519,486-79-1622,881,FALSE
150,945,508-84-6477,964,TRUE
151,171,141-65-3520,289,FALSE
152,585,758-50-6999,517,FALSE
153,933,554-49-1213,816,FALSE
154,168,686-66-5629,620,TRUE
155,313,315-59-4192,892,TRUE
156,457,219-70-2403,789,TRUE
157,416,673-74-9962,799,TRUE
158,248,686-59-6078,353,TRUE
159,922,614-92-3041,954,TRUE
160,868,143-25-6693,518,TRUE
161,374,382-97-3181,695,FALSE
162,504,481-95-8047,302,FALSE
163,22,771-55-8408,288,FALSE
164,787,898-25-6755,64,TRUE
165,605,361-46-2465,436,FALSE
166,113,222-75-1931,650,FALSE
167,505,516-26-6350,829,TRUE
168,616,265-15-4493,669,TRUE
169,103,765-77-2877,814,TRUE
170,864,124-82-7022,551,TRUE
171,956,237-51-3621,465,FALSE
172,166,503-13-0694,139,TRUE
173,128,514-87-9735,991,TRUE
174,819,490-52-0248,629,TRUE
175,700,752-19-5447,817,FALSE
176,890,359-09-7946,53,FALSE
177,885,838-70-5889,464,TRUE
178,880,354-04-9272,787,TRUE
179,526,520-30-3952,525,TRUE
180,639,199-83-9099,529,FALSE
181,678,680-43-9232,935,TRUE
182,862,437-24-9593,902,TRUE
183,624,243-46-1113,170,FALSE
184,315,770-63-4316,608,TRUE
185,59,713-65-3983,253,TRUE
186,287,411-66-0797,648,TRUE
187,224,196-31-1435,846,FALSE
188,417,108-44-6385,214,FALSE
189,295,139-78-3384,945,FALSE
190,58,282-23-9075,273,TRUE
191,970,592-94-7236,493,FALSE
192,356,829-23-4446,132,TRUE
193,555,112-17-9469,871,TRUE
194,21,148-61-9026,116,TRUE
195,969,776-10-4435,711,TRUE
196,411,133-56-8655,103,FALSE
197,289,842-22-8196,587,TRUE
198,985,308-60-4615,806,TRUE
199,41,289-20-1638,920,TRUE
200,321,696-56-7238,750,TRUE
201,378,486-43-7721,710,FALSE
202,904,849-38-1829,27,TRUE
203,113,388-69-0984,689,TRUE
204,80,259-24-9957,425,FALSE
205,98,724-69-0125,955,FALSE
206,58,625-75-1152,698,FALSE
207,98,289-57-1858,238,TRUE
208,137,794-62-2187,81,TRUE
209,378,367-84-4979,972,TRUE
210,632,747-17-0584,668,FALSE
211,701,259-06-0249,340,FALSE
212,852,454-73-5975,687,FALSE
213,706,534-89-1877,553,TRUE
214,477,520-91-4050,787,TRUE
215,60,534-19-8063,514,FALSE
216,285,700-79-7239,839,FALSE
217,368,366-13-5238,927,TRUE
218,15,739-89-7010,1000,FALSE
219,876,536-22-3824,878,FALSE
220,816,215-40-4299,52,FALSE
221,621,244-68-3503,65,FALSE
222,231,234-04-5670,534,TRUE
223,149,274-60-2203,767,TRUE
224,681,238-45-1141,547,FALSE
225,367,482-76-0160,848,FALSE
226,519,366-63-8276,853,TRUE
227,696,497-57-6903,779,TRUE
228,357,401-22-5157,57,TRUE
229,817,255-51-7475,244,FALSE
230,951,635-26-9994,225,FALSE
231,766,274-31-6536,645,FALSE
232,5,676-15-4022,650,FALSE
233,571,138-61-3170,112,TRUE
234,481,622-78-5947,566,TRUE
235,637,789-36-8302,835,FALSE
236,247,552-99-6737,435,FALSE
237,966,589-32-5998,933,FALSE
238,899,866-27-0920,81,TRUE
239,441,571-57-8906,718,TRUE
240,522,843-15-6519,288,TRUE
241,46,819-90-4306,773,FALSE
242,212,415-83-3131,979,FALSE
243,401,261-62-1718,806,FALSE
244,816,435-12-1340,540,TRUE
245,532,517-84-1320,607,FALSE
246,681,845-98-8518,941,TRUE
247,737,483-36-7418,436,FALSE
248,230,815-28-1136,250,TRUE
249,796,572-72-4368,83,TRUE
250,51,100-58-9219,935,FALSE
251,172,843-35-9571,73,FALSE
252,57,674-93-0979,111,FALSE
253,983,150-84-5310,820,TRUE
254,508,830-64-0827,418,FALSE
255,38,354-71-8070,386,FALSE
256,186,521-34-9170,166,TRUE
257,693,345-72-1997,464,FALSE
258,122,648-80-9482,969,FALSE
259,673,570-57-2525,563,FALSE
260,892,577-91-8596,826,FALSE
261,263,281-39-6636,41,TRUE
262,517,881-01-2788,69,FALSE
263,200,362-06-9561,423,FALSE
264,553,826-76-9364,299,TRUE
265,295,346-24-8045,809,TRUE
266,319,756-35-3857,724,FALSE
267,257,367-46-1684,434,TRUE
268,430,850-37-9392,29,FALSE
269,270,555-20-6645,20,TRUE
270,153,220-01-7153,289,TRUE
271,899,705-51-6368,906,TRUE
272,505,780-36-1144,577,FALSE
273,727,827-31-8463,364,FALSE
274,260,340-18-4880,282,TRUE
275,653,373-81-7907,71,TRUE
276,477,385-04-1937,643,TRUE
277,252,365-14-2709,551,TRUE
278,979,411-78-3756,338,FALSE
279,620,841-06-3989,34,FALSE
280,18,510-57-9359,180,FALSE
281,862,509-25-9388,214,TRUE
282,864,319-12-5030,236,FALSE
283,825,894-91-3362,62,TRUE
284,993,285-34-2034,24,FALSE
285,604,627-80-5490,543,FALSE
286,736,754-94-8050,61,FALSE
287,642,776-39-4337,520,TRUE
288,546,148-90-3189,280,TRUE
289,33,707-68-2882,836,TRUE
290,81,428-01-3158,864,FALSE
291,446,495-85-8662,911,FALSE
292,457,567-37-3140,481,TRUE
293,762,306-38-1285,228,TRUE
294,584,726-53-5942,462,TRUE
295,571,539-54-3524,644,TRUE
296,58,309-34-3800,537,FALSE
297,661,141-08-0182,735,TRUE
298,600,178-52-9784,839,TRUE
299,127,501-33-2738,589,FALSE
300,725,602-59-9919,561,FALSE
301,425,116-71-6474,390,FALSE
302,957,888-14-4364,988,TRUE
303,532,140-49-8852,643,FALSE
304,37,134-04-2415,163,FALSE
305,955,863-04-8172,193,FALSE
306,557,690-50-7561,141,TRUE
307,881,406-06-3075,615,FALSE
308,236,571-18-5096,840,FALSE
309,315,810-18-3795,577,TRUE
310,883,539-23-6357,769,FALSE
311,854,654-63-5831,97,TRUE
312,185,134-67-9489,121,FALSE
313,419,562-63-6131,289,FALSE
314,569,544-68-9322,715,FALSE
315,571,183-20-1510,564,FALSE
316,602,891-05-7066,653,TRUE
317,569,317-63-7113,324,TRUE
318,128,347-36-2377,806,FALSE
319,10,895-83-6299,197,FALSE
320,917,685-69-1033,954,FALSE
321,692,802-64-2321,363,TRUE
322,276,744-29-5705,555,TRUE
323,927,108-40-2276,847,TRUE
324,765,599-01-7049,115,TRUE
325,443,376-96-4595,520,TRUE
326,257,327-07-0171,673,FALSE
327,42,506-35-9884,672,FALSE
328,884,723-56-2798,238,TRUE
329,373,440-75-7787,91,TRUE
330,86,322-13-6385,667,FALSE
331,903,645-97-8183,288,TRUE
332,575,289-47-2766,372,FALSE
333,370,647-63-5338,872,FALSE
334,259,202-56-2636,684,FALSE
335,51,834-01-0978,248,TRUE
336,573,802-77-7694,185,TRUE
337,900,606-26-2886,172,TRUE
338,176,507-24-3298,377,FALSE
339,531,459-71-2811,465,FALSE
340,479,783-89-9790,583,TRUE
341,822,255-36-7262,607,FALSE
342,190,558-61-5595,494,TRUE
343,405,826-41-5893,448,FALSE
344,837,364-61-9070,197,FALSE
345,242,791-59-5918,848,TRUE
346,435,216-03-9949,43,TRUE
347,723,384-37-4508,510,TRUE
348,38,547-61-2557,552,TRUE
349,828,269-11-2893,513,FALSE
350,356,706-91-2942,644,TRUE
351,639,287-47-5334,991,FALSE
352,200,436-11-9471,858,FALSE
353,397,266-03-8860,673,FALSE
354,676,899-79-2825,891,FALSE
355,450,111-19-2672,738,FALSE
356,554,254-90-9060,411,FALSE
357,942,645-32-4507,40,FALSE
358,562,544-41-2728,80,TRUE
359,780,799-64-1237,978,TRUE
360,45,790-09-7287,487,TRUE
361,847,516-01-5852,115,FALSE
362,668,274-66-0433,652,TRUE
363,175,760-15-4663,642,FALSE
364,619,838-25-8565,512,TRUE
365,759,785-75-5010,24,FALSE
366,715,783-19-7361,532,FALSE
367,891,329-09-0783,658,TRUE
368,137,725-60-1990,683,FALSE
369,870,408-17-9572,549,FALSE
370,807,722-25-8361,52,TRUE
371,864,352-34-6287,441,TRUE
372,137,678-33-7250,675,FALSE
373,974,570-72-6920,868,TRUE
374,930,362-04-7008,708,TRUE
375,731,234-10-6290,186,FALSE
376,709,213-63-3609,709,TRUE
377,193,686-50-9424,607,FALSE
378,928,723-66-9804,243,FALSE
379,421,392-36-8233,53,FALSE
380,408,774-56-0833,981,FALSE
381,274,422-04-0267,400,FALSE
382,214,741-20-8311,967,FALSE
383,874,573-27-0911,122,TRUE
384,8,853-15-6223,42,FALSE
385,993,638-45-6046,620,TRUE
386,332,746-30-0151,924,FALSE
387,911,874-37-5758,409,TRUE
388,847,841-58-7053,147,TRUE
389,785,300-56-2042,62,FALSE
390,269,397-52-2180,84,FALSE
391,591,496-39-1817,778,FALSE
392,660,828-56-7801,331,FALSE
393,618,442-24-1360,948,FALSE
394,458,526-47-1365,516,FALSE
395,868,830-18-8623,340,TRUE
396,129,406-61-5626,622,FALSE
397,356,367-13-2429,373,TRUE
398,907,784-37-4364,138,FALSE
399,249,573-90-6792,822,TRUE
400,801,397-61-0664,76,FALSE
401,389,351-01-9923,542,TRUE
402,313,878-62-3873,704,FALSE
403,14,449-35-3008,22,FALSE
404,365,860-65-3741,577,TRUE
405,192,322-55-5922,130,FALSE
406,433,500-84-3585,618,TRUE
407,70,376-57-6594,961,TRUE
408,214,553-56-4186,92,FALSE
409,459,637-88-9613,729,TRUE
410,660,789-78-6772,878,TRUE
411,912,561-93-9552,175,TRUE
412,869,685-13-6229,133,TRUE
413,474,809-92-2633,616,FALSE
414,257,246-61-1916,808,FALSE
415,591,543-29-2118,116,TRUE
416,862,454-17-2329,793,FALSE
417,393,673-35-6174,801,FALSE
418,860,114-90-3998,683,FALSE
419,563,817-21-4374,915,FALSE
420,329,251-02-3055,171,FALSE
421,481,264-81-8856,682,TRUE
422,855,149-55-4818,647,TRUE
423,737,170-64-6605,401,TRUE
424,895,454-31-8464,625,TRUE
425,415,789-37-9069,334,TRUE
426,730,420-29-9908,749,TRUE
427,834,280-22-5089,207,FALSE
428,571,647-22-9766,107,FALSE
429,586,786-97-7604,762,FALSE
430,908,624-74-2310,571,FALSE
431,232,464-04-4529,842,TRUE
432,997,231-26-8399,56,TRUE
433,52,706-52-3712,876,FALSE
434,583,816-35-8922,697,TRUE
435,967,592-50-4857,955,TRUE
436,460,779-70-8320,401,FALSE
437,626,779-48-6122,391,TRUE
438,631,525-65-7719,354,TRUE
439,780,486-88-0753,301,TRUE
440,744,141-23-5908,602,TRUE
441,187,508-95-2994,515,FALSE
442,904,759-03-6425,368,FALSE
443,354,224-33-1956,444,TRUE
444,599,324-60-9131,568,TRUE
445,92,302-90-2227,278,TRUE
446,306,853-72-2211,658,TRUE
447,87,525-62-1670,21,TRUE
448,698,773-46-0443,985,TRUE
449,747,302-73-7877,278,FALSE
450,890,193-56-4646,703,TRUE
451,233,115-58-3517,715,FALSE
452,771,270-78-0292,565,FALSE
453,120,148-26-7563,85,TRUE
454,496,426-47-3659,434,FALSE
455,517,818-79-1583,454,FALSE
456,198,810-66-0024,974,TRUE
457,455,625-89-1229,82,TRUE
458,320,711-74-6911,812,TRUE
459,478,159-50-1744,31,TRUE
460,108,546-27-0644,383,FALSE
461,9,406-87-9769,109,FALSE
462,101,502-90-3144,33,FALSE
463,746,112-28-7690,205,FALSE
464,38,349-08-6100,52,TRUE
465,843,873-38-0356,210,FALSE
466,618,318-18-7469,539,TRUE
467,879,387-73-2299,81,TRUE
468,540,812-16-3983,70,TRUE
469,884,816-08-2164,533,TRUE
470,702,861-26-1752,198,TRUE
471,477,447-84-4580,164,FALSE
472,318,144-96-6487,822,FALSE
473,689,335-79-7181,206,FALSE
474,317,210-43-7024,178,TRUE
475,694,335-27-9110,95,TRUE
476,280,511-43-9723,264,FALSE
477,3,207-22-2207,478,FALSE
478,504,301-48-6028,79,FALSE
479,469,893-71-2998,281,TRUE
480,156,536-58-5943,755,FALSE
481,342,191-97-5055,475,TRUE
482,92,657-13-1138,177,TRUE
483,141,797-08-3109,589,TRUE
484,385,670-99-8945,608,TRUE
485,897,549-13-6397,573,FALSE
486,641,660-77-8734,306,FALSE
487,180,886-48-0650,515,FALSE
488,88,489-49-7146,915,FALSE
489,518,337-08-2810,666,FALSE
490,308,887-33-5863,936,TRUE
491,11,634-87-7452,996,FALSE
492,945,416-28-3510,253,TRUE
493,204,203-05-5328,704,TRUE
494,808,337-56-0408,469,FALSE
495,723,406-31-6688,681,FALSE
496,907,441-56-8531,17,TRUE
497,124,710-06-0252,11,TRUE
498,120,596-86-5851,636,FALSE
499,862,199-08-9171,409,TRUE
500,24,505-92-2637,87,TRUE
501,104,649-78-7970,847,FALSE
502,551,255-19-3397,634,TRUE
503,673,555-55-6095,338,TRUE
504,780,452-52-8976,69,FALSE
505,512,106-57-4893,617,FALSE
506,964,413-51-1090,742,FALSE
507,466,269-68-7064,764,FALSE
508,31,625-28-4910,513,TRUE
509,84,806-10-7812,461,FALSE
510,745,166-08-1527,989,FALSE
511,710,407-01-2412,998,TRUE
512,81,251-92-5902,51,FALSE
513,926,183-21-3516,979,TRUE
514,616,537-16-8464,98,FALSE
515,238,669-99-1092,403,TRUE
516,157,797-53-3419,769,TRUE
517,461,335-38-7386,394,FALSE
518,299,369-10-3554,234,FALSE
519,479,438-87-7330,650,TRUE
520,833,495-65-3657,453,FALSE
521,155,388-58-8161,966,TRUE
522,196,263-83-2533,276,FALSE
523,972,853-32-2838,818,FALSE
524,933,384-14-0392,619,TRUE
525,234,643-89-4141,156,TRUE
526,729,379-52-5431,635,FALSE
527,666,750-58-9441,925,FALSE
528,470,787-86-5060,60,FALSE
529,524,825-35-7522,14,TRUE
530,31,463-22-3066,934,FALSE
531,913,391-51-1779,404,FALSE
532,138,483-96-3097,515,TRUE
533,658,568-43-5922,620,TRUE
534,530,889-82-1283,488,TRUE
535,843,345-33-5921,286,TRUE
536,729,488-99-5936,868,FALSE
537,740,141-75-2750,759,TRUE
538,167,703-30-5004,282,TRUE
539,284,693-99-4613,768,TRUE
540,570,823-86-6478,104,TRUE
541,266,732-44-6436,493,TRUE
542,631,101-19-6126,446,FALSE
543,251,834-32-5648,389,FALSE
544,342,397-54-1466,218,FALSE
545,934,462-91-5571,856,TRUE
546,283,457-82-0068,105,FALSE
547,447,382-50-1132,524,TRUE
548,685,234-91-1623,242,FALSE
549,357,611-35-1323,205,TRUE
550,657,500-75-6895,572,FALSE
551,693,511-67-6582,610,FALSE
552,542,611-87-9988,956,FALSE
553,707,459-33-8051,718,FALSE
554,643,117-62-7288,716,TRUE
555,403,463-90-7035,475,FALSE
556,308,792-41-3357,204,TRUE
557,276,588-17-5281,490,TRUE
558,508,856-70-3191,804,TRUE
559,901,707-60-4939,867,TRUE
560,457,696-70-0642,371,TRUE
561,555,568-20-4182,17,TRUE
562,725,426-55-5792,560,TRUE
563,469,664-83-9050,921,FALSE
564,529,158-99-3924,987,TRUE
565,240,892-69-9455,80,FALSE
566,34,642-46-3208,461,TRUE
567,301,329-37-9331,348,FALSE
568,127,434-77-4536,294,TRUE
569,584,456-74-9346,467,FALSE
570,293,606-66-6447,699,TRUE
571,510,647-50-1998,31,TRUE
572,1000,688-32-1683,25,FALSE
573,911,122-30-8631,836,FALSE
574,39,857-44-1945,907,TRUE
575,881,438-95-6948,29,FALSE
576,931,655-29-2131,550,FALSE
577,152,699-01-0943,759,TRUE
578,561,662-47-7400,680,FALSE
579,52,107-74-5191,649,FALSE
580,363,856-48-2900,887,FALSE
581,328,319-16-3288,442,FALSE
582,82,760-81-8120,857,FALSE
583,169,465-75-1324,113,FALSE
584,21,669-83-0931,933,TRUE
585,277,894-29-3548,911,FALSE
586,925,595-24-5423,544,TRUE
587,173,421-83-8578,923,FALSE
588,148,886-32-2337,358,TRUE
589,859,189-39-1815,548,TRUE
590,285,862-20-5704,576,TRUE
591,853,321-91-6101,94,FALSE
592,151,627-16-1282,640,TRUE
593,615,213-61-3180,669,TRUE
594,314,684-41-5636,512,FALSE
595,957,204-68-8461,817,TRUE
596,224,733-37-4127,89,TRUE
597,932,716-66-6908,268,FALSE
598,548,533-71-2857,112,FALSE
599,475,812-33-5116,682,FALSE
600,171,805-42-5619,135,FALSE
601,761,620-78-6650,495,TRUE
602,838,413-19-0774,995,TRUE
603,705,400-32-2975,816,TRUE
604,797,133-20-4496,425,FALSE
605,111,325-91-0276,927,TRUE
606,591,222-42-9282,711,FALSE
607,127,565-05-6134,471,FALSE
608,404,564-32-8176,196,TRUE
609,694,384-13-8390,587,FALSE
610,595,254-49-1647,199,FALSE
611,475,713-15-6515,264,FALSE
612,293,435-50-2005,203,FALSE
613,757,597-28-4907,323,FALSE
614,83,858-07-1750,616,TRUE
615,928,146-82-0091,259,FALSE
616,189,714-36-2915,90,FALSE
617,945,496-51-3884,258,TRUE
618,507,529-30-1140,126,FALSE
619,135,447-61-2042,134,TRUE
620,390,136-15-3457,758,TRUE
621,649,711-81-7795,28,FALSE
622,851,635-09-9688,376,TRUE
623,712,857-68-6235,488,FALSE
624,363,750-57-7082,83,TRUE
625,565,223-86-3672,517,TRUE
626,455,800-68-1572,296,TRUE
627,122,785-18-0068,804,FALSE
628,590,337-16-6121,548,TRUE
629,764,185-72-4465,899,FALSE
630,793,511-83-2893,119,FALSE
631,405,695-06-9171,198,TRUE
632,583,599-97-2537,300,FALSE
633,409,716-57-5094,371,TRUE
634,467,672-70-7686,206,FALSE
635,686,160-60-9037,321,FALSE
636,711,464-41-3537,746,TRUE
637,7,896-53-3015,605,TRUE
638,825,800-76-8969,178,TRUE
639,727,782-45-2939,100,FALSE
640,92,425-48-1723,882,FALSE
641,206,127-29-1448,584,FALSE
642,411,330-05-3850,341,FALSE
643,165,456-10-9693,231,TRUE
644,208,209-22-5288,109,FALSE
645,206,593-41-5878,435,TRUE
646,959,445-84-3467,929,TRUE
647,249,237-59-2111,374,TRUE
648,37,199-35-1212,717,FALSE
649,464,288-86-0047,471,TRUE
650,140,819-40-1111,215,TRUE
651,280,238-80-8937,722,TRUE
652,370,382-40-7091,757,FALSE
653,635,446-97-3599,303,TRUE
654,418,504-57-6610,130,TRUE
655,319,498-99-0301,778,FALSE
656,287,621-38-3145,833,FALSE
657,637,842-56-1512,159,FALSE
658,926,411-23-5786,939,TRUE
659,419,465-65-8426,3,FALSE
660,852,563-74-4914,656,FALSE
661,5,617-84-5321,252,TRUE
662,481,499-13-9223,787,TRUE
663,561,353-59-7422,198,FALSE
664,380,486-34-7993,954,TRUE
665,628,225-29-8483,109,FALSE
666,762,829-59-0818,236,TRUE
667,374,274-72-0886,995,FALSE
668,870,278-71-8831,842,TRUE
669,454,712-31-3991,191,FALSE
670,169,881-77-3475,246,TRUE
671,194,558-23-8366,673,FALSE
672,569,328-67-1918,263,TRUE
673,170,878-69-6738,549,FALSE
674,362,320-31-4616,884,FALSE
675,579,888-82-5242,644,FALSE
676,361,558-78-6326,305,FALSE
677,512,509-14-5912,321,TRUE
678,501,380-37-3232,218,TRUE
679,558,533-33-7117,458,TRUE
680,251,403-32-2470,678,FALSE
681,999,261-75-1333,346,FALSE
682,192,790-26-1626,664,FALSE
683,478,266-44-2782,741,TRUE
684,929,646-86-0530,581,TRUE
685,533,866-95-3329,941,FALSE
686,24,495-71-1560,786,FALSE
687,196,824-50-2925,498,TRUE
688,147,832-66-4132,995,FALSE
689,916,857-12-5544,310,TRUE
690,970,396-45-4586,400,FALSE
691,703,890-33-4766,508,TRUE
692,712,513-87-9096,261,TRUE
693,155,245-45-6745,993,TRUE
694,515,289-41-1461,214,TRUE
695,613,238-94-6068,103,FALSE
696,878,470-18-1488,262,TRUE
697,948,757-07-1101,218,TRUE
698,62,242-74-0395,108,TRUE
699,909,130-90-2618,244,TRUE
700,422,733-01-7121,934,TRUE
701,855,223-87-1341,587,TRUE
702,741,857-36-5010,352,TRUE
703,463,462-56-3055,62,TRUE
704,950,302-53-2514,135,TRUE
705,559,571-66-0295,794,TRUE
706,224,714-54-5109,671,FALSE
707,372,828-64-0551,281,TRUE
708,878,821-92-4779,779,FALSE
709,297,438-18-5927,340,TRUE
710,517,209-17-3337,164,FALSE
711,732,626-98-8924,781,TRUE
712,763,182-36-8827,659,TRUE
713,299,852-37-6044,21,TRUE
714,44,266-47-7290,626,TRUE
715,101,462-58-7582,447,FALSE
716,302,126-19-9497,530,FALSE
717,911,863-03-7640,50,FALSE
718,881,382-87-8623,922,FALSE
719,205,780-61-8936,491,FALSE
720,96,485-54-4812,409,FALSE
721,679,487-90-5922,463,TRUE
722,339,617-58-6796,864,FALSE
723,765,493-02-9094,778,FALSE
724,26,878-91-9760,60,FALSE
725,269,178-04-1331,187,FALSE
726,762,309-67-5713,329,FALSE
727,550,760-92-6028,965,FALSE
728,163,677-32-1991,112,FALSE
729,467,435-22-5995,798,TRUE
730,102,537-40-9197,367,FALSE
731,593,113-70-2142,99,FALSE
732,368,791-04-4070,957,FALSE
733,191,366-02-9954,137,FALSE
734,417,100-85-3307,381,FALSE
735,226,774-69-8558,344,FALSE
736,236,784-80-3158,136,TRUE
737,208,864-01-1924,271,TRUE
738,510,873-49-3338,519,FALSE
739,599,610-21-9495,471,FALSE
740,958,566-17-6300,573,TRUE
741,226,715-05-2494,311,FALSE
742,291,519-17-8210,325,TRUE
743,322,879-72-6459,243,TRUE
744,245,813-32-7549,123,FALSE
745,873,416-46-0681,497,TRUE
746,400,682-07-9492,371,FALSE
747,252,734-68-4112,634,TRUE
748,305,475-61-3791,343,TRUE
749,805,633-22-5838,672,FALSE
750,833,859-16-6065,435,FALSE
751,892,245-17-3608,164,TRUE
752,379,271-79-3718,827,TRUE
753,616,181-09-3485,460,FALSE
754,628,253-23-2520,555,FALSE
755,18,143-64-1746,98,FALSE
756,536,374-02-6018,214,FALSE
757,526,278-85-7022,299,FALSE
758,135,358-03-0243,450,TRUE
759,857,120-91-8323,55,FALSE
760,603,385-52-0156,231,FALSE
761,525,433-74-6135,1,FALSE
762,970,398-46-7990,591,TRUE
763,299,463-82-2466,554,FALSE
764,486,718-51-1605,34,TRUE
765,760,726-45-5553,879,TRUE
766,580,715-03-2422,576,TRUE
767,216,481-50-4113,346,TRUE
768,432,135-84-7928,922,TRUE
769,644,113-76-8411,559,FALSE
770,224,752-60-1884,50,FALSE
771,297,724-71-6574,790,FALSE
772,426,722-81-4677,847,TRUE
773,963,685-95-1486,368,TRUE
774,764,480-26-5461,209,FALSE
775,303,878-10-7755,906,FALSE
776,389,886-16-0684,372,FALSE
777,620,799-92-8148,747,TRUE
778,94,509-17-2911,749,TRUE
779,108,864-75-1483,281,TRUE
780,873,175-91-4641,388,TRUE
781,343,631-71-8792,529,TRUE
782,960,656-22-8443,276,FALSE
783,91,479-93-3548,575,TRUE
784,358,480-55-7559,461,TRUE
785,281,704-87-0133,223,TRUE
786,964,158-91-6260,467,FALSE
787,656,741-22-8377,319,FALSE
788,902,580-57-4186,221,TRUE
789,386,485-47-0677,116,TRUE
790,421,190-46-4860,831,TRUE
791,779,345-64-0691,974,FALSE
792,16,804-43-4635,872,TRUE
793,87,504-66-4985,249,TRUE
794,96,493-56-0179,543,TRUE
795,767,112-87-5878,34,FALSE
796,157,223-84-9969,511,FALSE
797,587,646-23-5119,789,FALSE
798,510,203-97-0596,936,TRUE
799,705,608-19-4442,666,TRUE
800,331,744-64-3488,561,TRUE
801,271,532-26-5591,262,TRUE
802,816,517-25-3794,784,TRUE
803,496,731-76-4140,117,TRUE
804,756,603-17-9354,805,TRUE
805,247,387-66-5064,971,TRUE
806,833,697-38-4132,711,TRUE
807,365,575-09-8693,436,FALSE
808,103,693-73-7471,559,TRUE
809,914,499-01-9228,102,TRUE
810,451,521-20-5132,887,FALSE
811,458,505-82-1540,522,FALSE
812,16,442-41-5983,764,FALSE
813,42,662-58-3291,869,TRUE
814,183,559-52-8667,39,TRUE
815,978,639-71-9508,339,TRUE
816,751,258-07-9363,436,TRUE
817,401,121-61-0640,734,TRUE
818,289,482-91-4263,197,TRUE
819,260,714-14-4597,265,TRUE
820,219,738-85-5495,663,TRUE
821,156,849-01-5303,141,TRUE
822,321,888-25-2218,912,TRUE
823,628,344-43-8785,51,TRUE
824,288,515-88-2133,304,TRUE
825,321,897-50-0558,655,FALSE
826,733,300-30-5454,896,TRUE
827,172,563-55-5925,598,TRUE
828,54,791-24-5570,380,TRUE
829,62,710-60-7078,945,TRUE
830,264,545-46-1958,327,TRUE
831,882,228-21-0684,218,TRUE
832,914,629-96-9538,726,FALSE
833,103,362-15-8290,25,FALSE
834,995,725-69-8026,669,FALSE
835,80,696-16-9173,48,TRUE
836,427,530-39-6570,66,TRUE
837,291,526-17-9812,992,FALSE
838,474,441-89-9348,525,FALSE
839,828,352-05-4466,617,TRUE
840,421,117-68-0856,978,TRUE
841,381,332-85-6875,88,FALSE
842,861,276-01-3147,628,TRUE
843,364,305-22-9559,622,TRUE
844,851,551-04-3486,978,FALSE
845,333,218-95-0969,178,TRUE
846,122,145-54-0416,878,TRUE
847,668,819-56-9024,184,TRUE
848,699,451-49-2735,820,TRUE
849,142,888-60-1544,376,FALSE
850,749,166-07-0080,651,TRUE
851,354,166-47-8497,246,FALSE
852,12,732-97-9649,953,TRUE
853,318,796-18-8055,896,TRUE
854,481,886-58-2679,338,TRUE
855,656,514-42-8941,89,TRUE
856,200,801-49-4610,926,TRUE
857,458,567-77-3353,60,FALSE
858,843,393-59-4395,501,TRUE
859,884,159-15-0099,222,FALSE
860,991,385-72-3632,445,FALSE
861,486,400-96-7670,96,TRUE
862,917,413-02-7858,345,FALSE
863,407,594-72-5372,204,TRUE
864,756,631-26-2641,881,TRUE
865,618,500-81-3817,778,FALSE
866,700,850-62-7684,400,TRUE
867,435,712-61-7462,186,FALSE
868,367,261-20-8224,709,FALSE
869,578,180-33-9279,374,FALSE
870,253,686-14-0308,161,TRUE
871,395,199-40-6723,336,TRUE
872,822,796-05-5086,490,TRUE
873,899,645-57-8760,706,TRUE
874,202,585-27-0400,203,FALSE
875,319,506-90-0551,46,TRUE
876,724,546-18-6745,121,TRUE
877,181,212-79-9146,581,TRUE
878,836,192-65-1654,365,TRUE
879,534,329-14-1645,2,FALSE
880,876,744-14-3718,224,TRUE
881,411,825-12-5506,329,FALSE
882,757,117-47-3145,403,FALSE
883,454,689-42-3160,590,TRUE
884,468,169-02-0990,357,FALSE
885,548,415-33-8123,793,TRUE
886,163,762-24-0448,777,TRUE
887,599,891-86-7980,84,FALSE
888,672,650-65-9454,890,FALSE
889,366,171-91-2871,473,FALSE
890,316,414-07-8049,772,TRUE
891,20,395-28-1898,389,FALSE
892,802,519-99-9980,589,TRUE
893,163,464-56-6184,122,TRUE
894,366,273-70-6693,525,FALSE
895,88,137-92-9395,554,TRUE
896,410,479-52-0569,820,FALSE
897,227,559-21-6451,108,TRUE
898,645,210-85-2541,586,TRUE
899,161,150-54-3198,748,FALSE
900,42,682-88-1795,943,TRUE
901,586,719-09-3247,135,FALSE
902,770,657-60-2014,131,TRUE
903,162,673-01-4738,135,FALSE
904,47,721-39-3581,440,FALSE
905,250,321-72-7328,654,TRUE
906,186,194-61-9835,918,FALSE
907,936,111-06-1404,119,FALSE
908,394,505-72-4846,264,FALSE
909,91,240-52-0930,471,FALSE
910,725,700-64-6412,333,FALSE
911,975,535-46-9462,76,TRUE
912,19,311-07-4673,359,FALSE
913,254,878-27-9619,893,FALSE
914,325,814-75-5356,206,FALSE
915,383,583-23-8903,581,FALSE
916,111,201-92-9397,991,FALSE
917,440,289-33-0995,274,FALSE
918,542,331-72-2876,289,TRUE
919,167,174-38-8457,419,TRUE
920,283,113-61-1086,127,FALSE
921,333,364-75-8150,904,TRUE
922,91,738-60-4698,537,TRUE
923,462,875-88-0398,827,FALSE
924,232,192-67-0502,439,TRUE
925,848,430-39-6412,665,TRUE
926,359,620-16-1803,228,FALSE
927,958,172-93-3084,834,FALSE
928,191,734-24-3103,284,FALSE
929,758,123-09-6064,598,TRUE
930,726,226-54-9246,337,FALSE
931,851,629-24-2570,650,FALSE
932,165,732-16-1516,987,TRUE
933,134,803-91-3511,678,FALSE
934,688,217-64-4906,147,FALSE
935,866,110-51-1993,601,FALSE
936,162,178-47-9869,150,TRUE
937,624,700-46-3187,976,TRUE
938,775,714-60-8212,400,FALSE
939,772,213-35-5201,738,FALSE
940,410,775-49-3514,758,FALSE
941,677,568-95-2248,480,FALSE
942,80,514-54-3563,527,TRUE
943,809,141-29-1781,104,FALSE
944,832,151-72-5539,298,FALSE
945,672,151-32-7937,397,FALSE
946,25,360-52-9650,490,FALSE
947,237,710-36-9200,158,TRUE
948,729,783-37-8085,876,TRUE
949,334,270-10-7970,918,TRUE
950,464,520-41-8655,525,TRUE
951,623,260-38-5447,794,FALSE
952,875,634-17-8517,4,FALSE
953,103,768-68-9315,499,TRUE
954,1,686-10-6010,980,TRUE
955,611,719-74-6148,753,FALSE
956,844,861-95-7266,420,FALSE
957,382,863-22-2802,904,FALSE
958,522,540-66-8501,306,TRUE
959,56,381-44-9260,140,TRUE
960,496,861-87-8896,199,TRUE
961,371,526-04-3918,411,FALSE
962,543,601-44-9664,275,TRUE
963,322,681-56-6603,870,FALSE
964,448,321-12-8464,333,TRUE
965,367,420-75-6617,104,FALSE
966,64,185-48-4650,394,TRUE
967,580,341-53-8356,804,TRUE
968,644,446-05-9627,658,TRUE
969,569,138-54-4518,718,FALSE
970,64,421-49-6223,606,FALSE
971,661,896-21-6491,406,FALSE
972,724,534-38-5714,141,FALSE
973,934,638-48-8898,684,FALSE
974,631,550-11-0630,7,TRUE
975,534,867-86-7029,121,TRUE
976,178,889-70-5186,586,FALSE
977,421,354-58-0555,337,FALSE
978,149,650-62-5048,393,TRUE
979,222,740-79-3718,103,TRUE
980,544,156-45-2452,457,FALSE
981,928,856-91-9105,674,TRUE
982,26,349-46-5868,203,FALSE
983,817,557-27-4081,404,FALSE
984,931,548-76-7057,112,TRUE
985,442,536-57-2863,828,TRUE
986,390,810-87-0919,360,TRUE
987,840,743-32-4546,919,TRUE
988,754,652-22-9180,32,FALSE
989,598,285-89-5713,152,FALSE
990,555,156-86-6141,275,TRUE
991,639,420-25-5614,868,FALSE
992,464,779-99-4983,135,TRUE
993,337,476-17-4167,839,FALSE
994,290,133-28-4353,648,TRUE
995,555,275-10-1144,506,TRUE
996,778,728-69-2207,971,TRUE
997,463,479-25-4889,316,FALSE
998,960,295-33-7346,826,FALSE
999,825,446-77-3565,245,FALSE
1000,542,267-48-0631,628,TRUE